"filename", "language", "JSON", "Markdown", "XML", "JavaScript", "CSS", "HTML", "comment", "blank", "total"
"c:\Users\wondr\OneDrive - dugsiacademy.org（非洲杜吉亚卡迪公益学院）\桌面\cs\web\vpet-save-editor\README.md", "Markdown", 0, 4, 0, 0, 0, 0, 0, 2, 6
"c:\Users\wondr\OneDrive - dugsiacademy.org（非洲杜吉亚卡迪公益学院）\桌面\cs\web\vpet-save-editor\package-lock.json", "JSON", 29026, 0, 0, 0, 0, 0, 0, 1, 29027
"c:\Users\wondr\OneDrive - dugsiacademy.org（非洲杜吉亚卡迪公益学院）\桌面\cs\web\vpet-save-editor\package.json", "JSON", 41, 0, 0, 0, 0, 0, 0, 0, 41
"c:\Users\wondr\OneDrive - dugsiacademy.org（非洲杜吉亚卡迪公益学院）\桌面\cs\web\vpet-save-editor\public\index.html", "HTML", 0, 0, 0, 0, 0, 19, 23, 1, 43
"c:\Users\wondr\OneDrive - dugsiacademy.org（非洲杜吉亚卡迪公益学院）\桌面\cs\web\vpet-save-editor\public\manifest.json", "JSON", 25, 0, 0, 0, 0, 0, 0, 0, 25
"c:\Users\wondr\OneDrive - dugsiacademy.org（非洲杜吉亚卡迪公益学院）\桌面\cs\web\vpet-save-editor\src\App.css", "CSS", 0, 0, 0, 0, 33, 0, 0, 6, 39
"c:\Users\wondr\OneDrive - dugsiacademy.org（非洲杜吉亚卡迪公益学院）\桌面\cs\web\vpet-save-editor\src\App.js", "JavaScript", 0, 0, 0, 197, 0, 0, 8, 16, 221
"c:\Users\wondr\OneDrive - dugsiacademy.org（非洲杜吉亚卡迪公益学院）\桌面\cs\web\vpet-save-editor\src\App.test.js", "JavaScript", 0, 0, 0, 7, 0, 0, 0, 2, 9
"c:\Users\wondr\OneDrive - dugsiacademy.org（非洲杜吉亚卡迪公益学院）\桌面\cs\web\vpet-save-editor\src\FieldInput.js", "JavaScript", 0, 0, 0, 13, 0, 0, 0, 3, 16
"c:\Users\wondr\OneDrive - dugsiacademy.org（非洲杜吉亚卡迪公益学院）\桌面\cs\web\vpet-save-editor\src\encoder.js", "JavaScript", 0, 0, 0, 11, 0, 0, 0, 6, 17
"c:\Users\wondr\OneDrive - dugsiacademy.org（非洲杜吉亚卡迪公益学院）\桌面\cs\web\vpet-save-editor\src\index.css", "CSS", 0, 0, 0, 0, 12, 0, 0, 2, 14
"c:\Users\wondr\OneDrive - dugsiacademy.org（非洲杜吉亚卡迪公益学院）\桌面\cs\web\vpet-save-editor\src\index.js", "JavaScript", 0, 0, 0, 12, 0, 0, 3, 3, 18
"c:\Users\wondr\OneDrive - dugsiacademy.org（非洲杜吉亚卡迪公益学院）\桌面\cs\web\vpet-save-editor\src\logo.svg", "XML", 0, 0, 1, 0, 0, 0, 0, 0, 1
"c:\Users\wondr\OneDrive - dugsiacademy.org（非洲杜吉亚卡迪公益学院）\桌面\cs\web\vpet-save-editor\src\parser.js", "JavaScript", 0, 0, 0, 9, 0, 0, 0, 5, 14
"c:\Users\wondr\OneDrive - dugsiacademy.org（非洲杜吉亚卡迪公益学院）\桌面\cs\web\vpet-save-editor\src\reportWebVitals.js", "JavaScript", 0, 0, 0, 12, 0, 0, 0, 2, 14
"c:\Users\wondr\OneDrive - dugsiacademy.org（非洲杜吉亚卡迪公益学院）\桌面\cs\web\vpet-save-editor\src\setupTests.js", "JavaScript", 0, 0, 0, 1, 0, 0, 4, 1, 6
"Total", "-", 29092, 4, 1, 262, 45, 19, 38, 50, 29511